PostID,Platform,Date,ContentType,Hashtags,Likes,Shares,Comments,Clicks,Reach,Impressions,Campaign
A1,YouTube,2024-12-23,Image,#AppleWatchUltra2 #HealthTech,24516,976,974,2675,23275,202932,Apple Watch Ultra 2 Launch
A2,LinkedIn,2025-09-03,Image,#MacBookAirM3 #AppleInnovation,4779,1110,436,1574,77167,71585,Apple Event September 2025
A3,Instagram,2025-05-12,Tweet,#AppleDesign #Innovation,19308,1318,795,1499,52307,193087,Sustainability Awareness Drive
A4,YouTube,2024-08-12,Video,#AppleEvent #iPadPro,3581,517,880,1925,18636,248611,iPhone 16 Launch
A5,YouTube,2025-09-04,Video,#AppleWatchUltra2 #HealthTech,21708,435,317,1213,70701,83585,Apple Event September 2025
A6,LinkedIn,2025-09-05,Image,#ShotOniPhone,14677,533,759,753,23275,66958,Apple Event September 2025
A7,Instagram,2024-06-24,Carousel,#AppleMusic #AppleLifestyle,7713,575,417,336,61660,66017,iPhone 16 Launch
A8,Instagram,2024-07-13,Video,#AppleWatch #Health,18639,1360,898,2011,42841,247779,iPhone 16 Launch
A9,YouTube,2024-08-30,Carousel,#MacBookAirM3 #AppleInnovation,6804,787,970,1095,56343,164677,Apple Watch Ultra 2 Launch
A10,Twitter,2025-03-11,Video,#iPhone16Launch #AppleEvent,20222,712,604,1272,71598,216422,Sustainability Awareness Drive
A11,YouTube,2025-02-02,Carousel,#AppleEvent #iPadPro,12136,1117,834,892,24675,183273,Sustainability Awareness Drive
A12,YouTube,2024-07-21,Tweet,#MacBookAirM3 #AppleInnovation,2009,1072,550,1437,22982,69426,iPhone 16 Launch
A13,YouTube,2024-11-18,Carousel,#AppleMusic #AppleLifestyle,21255,1452,625,1624,21282,57778,MacBook Air M3 Campaign
A14,YouTube,2025-09-06,Tweet,#AppleWatch #Health,7124,469,851,2571,33802,216313,Apple Event September 2025
A15,LinkedIn,2025-09-07,Tweet,#AppleDesign #Innovation,3015,997,783,617,77167,82229,Apple Event September 2025
A16,Instagram,2024-08-26,Carousel,#AppleWatch #Health,4193,924,707,2696,55075,126652,iPhone 16 Launch
A17,LinkedIn,2025-05-05,Tweet,#AppleEvent #iPhone16,10415,1388,725,2462,53082,168267,MacBook Air M3 Campaign
A18,LinkedIn,2024-08-19,Image,#AppleWatch #Health,15550,204,279,1646,35819,219436,Apple Watch Ultra 2 Launch
A19,LinkedIn,2024-06-23,Tweet,#AppleEvent #iPhone16,16512,1050,971,1891,15865,166503,iPhone 16 Launch
A20,YouTube,2024-09-09,Video,#AppleDesign #Innovation,6158,277,512,2189,76881,124878,iPhone 16 Launch
A21,Twitter,2025-09-08,Carousel,#iPhonePhotography #ShotOniPhone,22309,773,854,2387,72396,97056,Apple Event September 2025
A22,Instagram,2025-02-27,Image,#AppleMusic #AppleLifestyle,8970,331,968,2296,24613,198562,iPhone 16 Launch
A23,Twitter,2024-11-06,Carousel,#AppleEvent #iPhone16,8938,800,842,2072,31736,59975,iPhone 16 Launch
A24,LinkedIn,2025-01-23,Video,#iPhone16Launch #AppleEvent,23168,1265,441,1612,66615,197795,iPhone 16 Launch
A25,LinkedIn,2025-09-09,Video,#AppleWatch #Health,15772,288,520,1585,59182,194351,Apple Event September 2025
A26,Twitter,2025-04-05,Video,#AppleWatch #Health,22384,601,943,515,41309,249373,Apple Watch Ultra 2 Launch
A27,Twitter,2024-09-17,Tweet,#iPhone16Launch #AppleEvent,20017,495,178,2683,32244,182633,Apple Watch Ultra 2 Launch
A28,Twitter,2025-03-04,Tweet,#ShotOniPhone,12344,815,298,2439,6259,237133,iPhone 16 Launch
A29,LinkedIn,2025-09-10,Carousel,#MacBookProM3,9266,999,928,2700,12264,128397,Apple Event September 2025
A30,LinkedIn,2025-02-25,Carousel,#iPhonePhotography #ShotOniPhone,10702,621,445,2918,54808,220225,Apple Watch Ultra 2 Launch
A31,Instagram,2024-12-16,Image,#AppleEvent #iPadPro,2384,1246,160,2004,2701,73142,Apple Watch Ultra 2 Launch
A32,Instagram,2024-07-31,Image,#AppleEvent #iPhone16,2404,774,661,662,12676,66916,Apple Watch Ultra 2 Launch
A33,LinkedIn,2025-09-11,Carousel,#iPhone16Launch #AppleEvent,10175,342,825,2904,15954,104324,Apple Event September 2025
A34,Twitter,2025-09-12,Tweet,#AppleDesign #Innovation,17158,1192,262,2016,28771,216037,Apple Event September 2025
A35,Twitter,2024-11-30,Video,#AppleEvent #iPhone16,14763,864,336,1493,33310,165932,iPhone 16 Launch
A36,Instagram,2025-04-19,Carousel,#MacBookProM3,20384,344,956,655,67621,175720,Sustainability Awareness Drive
A37,LinkedIn,2025-01-06,Image,#AppleDesign #Innovation,11860,1448,893,490,23518,206205,Apple Watch Ultra 2 Launch
A38,Instagram,2025-02-17,Tweet,#MacBookAirM3 #AppleInnovation,7989,1206,376,2769,27550,221749,Sustainability Awareness Drive
A39,Instagram,2025-09-13,Carousel,#AppleMusic #AppleLifestyle,17106,702,459,999,59627,136059,Apple Event September 2025
A40,YouTube,2025-09-14,Carousel,#AppleWatch #Health,19844,1020,247,2354,37792,138317,Apple Event September 2025
A41,YouTube,2025-09-15,Tweet,#MacBookAirM3 #AppleInnovation,5636,303,204,2480,7377,241207,Apple Event September 2025
A42,YouTube,2025-03-05,Carousel,#AppleEvent #iPhone16,12916,1262,772,856,11496,75046,Sustainability Awareness Drive
A43,Twitter,2025-09-16,Tweet,#MacBookProM3,6809,397,813,1125,12206,218136,Apple Event September 2025
A44,LinkedIn,2025-03-02,Video,#iPhonePhotography #ShotOniPhone,22562,778,907,1354,34475,141459,iPhone 16 Launch
A45,LinkedIn,2025-09-17,Tweet,#AppleMusic #AppleLifestyle,15456,590,555,2882,49816,240422,Apple Event September 2025
A46,LinkedIn,2025-05-02,Tweet,#AppleEvent #iPhone16,17444,1402,218,725,8710,85893,MacBook Air M3 Campaign
A47,LinkedIn,2025-02-24,Tweet,#iPhone16Launch #AppleEvent,24984,753,461,2710,20792,141520,Sustainability Awareness Drive
A48,YouTube,2025-03-11,Carousel,#AppleWatchUltra2 #HealthTech,7997,1238,438,1874,36272,165818,MacBook Air M3 Campaign
A49,Twitter,2025-09-18,Carousel,#AppleEvent #iPhone16,4048,677,911,2429,27361,101272,Apple Event September 2025
A50,Twitter,2024-07-03,Tweet,#AppleMusic #AppleLifestyle,14338,1454,697,2703,21288,107649,iPhone 16 Launch
A51,YouTube,2024-06-13,Carousel,#AppleWatch #Health,23164,1122,900,888,36938,104674,Apple Watch Ultra 2 Launch
A52,Twitter,2025-09-19,Image,#AppleWatch #Health,19100,619,297,2312,9730,184832,Apple Event September 2025
A53,YouTube,2025-02-24,Image,#AppleEvent #iPhone16,23949,356,616,1847,3144,192999,iPhone 16 Launch
A54,LinkedIn,2025-03-13,Carousel,#AppleDesign #Innovation,6544,749,888,594,18171,126475,Sustainability Awareness Drive
A55,YouTube,2024-06-17,Carousel,#AppleWatchUltra2 #HealthTech,6976,1320,393,2285,14049,101367,MacBook Air M3 Campaign
A56,LinkedIn,2024-12-18,Tweet,#iPhone16Launch #AppleEvent,14775,1220,640,1547,28527,183660,MacBook Air M3 Campaign
A57,LinkedIn,2024-10-21,Video,#AppleEvent #iPhone16,12015,1196,998,1848,44739,161750,MacBook Air M3 Campaign
A58,Instagram,2025-04-15,Carousel,#AppleDesign #Innovation,5419,1150,656,1990,410,158154,Sustainability Awareness Drive
A59,YouTube,2024-06-22,Image,#AppleWatch #Health,16430,488,514,1436,30059,223305,iPhone 16 Launch
A60,Instagram,2025-01-28,Tweet,#AppleWatch #Health,9239,1477,631,1556,11580,84738,Sustainability Awareness Drive
A61,YouTube,2024-09-05,Carousel,#MacBookProM3,16489,395,350,2364,43239,73397,MacBook Air M3 Campaign
A62,YouTube,2025-09-20,Image,#AppleEvent #iPhone16,18633,797,303,659,7,122189,Apple Event September 2025
A63,Instagram,2024-07-31,Image,#AppleWatchUltra2 #HealthTech,12357,716,599,999,89591,116367,Apple Watch Ultra 2 Launch
A64,Instagram,2024-08-17,Video,#ShotOniPhone,19154,1064,650,747,42667,242332,Sustainability Awareness Drive
A65,YouTube,2025-03-28,Tweet,#AppleWatchUltra2 #HealthTech,6363,1341,222,2712,19987,160585,Sustainability Awareness Drive
A66,Twitter,2024-07-26,Tweet,#AppleWatch #Health,12176,1005,862,974,2285,116619,iPhone 16 Launch
A67,LinkedIn,2025-03-29,Video,#AppleWatch #Health,19461,1382,445,1307,84691,151453,iPhone 16 Launch
A68,Instagram,2024-12-08,Video,#MacBookAirM3 #AppleInnovation,10427,1014,166,1649,15145,59816,Sustainability Awareness Drive
A69,LinkedIn,2025-03-08,Tweet,#AppleWatch #Health,10580,427,790,2814,24916,213312,MacBook Air M3 Campaign
A70,Twitter,2025-04-02,Tweet,#iPhone16Launch #AppleEvent,6858,415,366,2761,2988,177348,Apple Watch Ultra 2 Launch
A71,Twitter,2024-09-02,Carousel,#AppleEvent #iPadPro,12040,1147,210,885,30360,119530,iPhone 16 Launch
A72,Twitter,2025-03-03,Carousel,#AppleEvent #iPhone16,24928,214,765,1556,5239,194571,MacBook Air M3 Campaign
A73,Instagram,2025-09-21,Video,#AppleWatchUltra2 #HealthTech,23103,1380,191,1547,77798,148856,Apple Event September 2025
A74,Twitter,2024-10-28,Carousel,#AppleEvent #iPadPro,21198,1484,174,1293,16330,111635,iPhone 16 Launch
A75,Instagram,2024-08-01,Image,#AppleDesign #Innovation,21758,1380,188,1735,20998,147803,MacBook Air M3 Campaign
A76,Twitter,2024-11-07,Carousel,#ShotOniPhone,17254,246,952,871,14957,75946,MacBook Air M3 Campaign
A77,LinkedIn,2025-03-04,Carousel,#iPhone16Launch #AppleEvent,13470,523,280,2682,8538,95204,Apple Watch Ultra 2 Launch
A78,LinkedIn,2024-06-17,Image,#AppleMusic #AppleLifestyle,3252,1043,647,1545,18859,222958,Apple Watch Ultra 2 Launch
A79,YouTube,2025-09-22,Video,#Sustainability #AppleEarth,8996,329,378,2384,39404,242724,Apple Event September 2025
A80,LinkedIn,2024-06-13,Image,#AppleWatchUltra2 #HealthTech,14173,294,257,1288,39466,55563,MacBook Air M3 Campaign
A81,YouTube,2024-10-19,Carousel,#AppleEvent #iPadPro,6673,826,321,577,19262,132324,MacBook Air M3 Campaign
A82,LinkedIn,2024-07-24,Video,#AppleMusic #AppleLifestyle,22914,954,584,1519,13637,49847,Apple Watch Ultra 2 Launch
A83,Instagram,2024-10-15,Carousel,#ShotOniPhone,17781,993,627,2187,9609,66155,iPhone 16 Launch
A84,LinkedIn,2024-12-09,Image,#MacBookAirM3 #AppleInnovation,15051,268,251,783,34154,119671,iPhone 16 Launch
A85,YouTube,2025-04-19,Image,#AppleMusic #AppleLifestyle,8881,210,673,1565,24847,156891,Sustainability Awareness Drive
A86,YouTube,2025-01-27,Carousel,#iPhone16Launch #AppleEvent,8949,1477,424,1030,58052,123310,Apple Watch Ultra 2 Launch
A87,Twitter,2024-06-06,Tweet,#iPhone16Launch #AppleEvent,11521,1071,762,2539,12701,238350,Sustainability Awareness Drive
A88,Instagram,2024-07-07,Tweet,#MacBookAirM3 #AppleInnovation,24625,749,193,1340,4890,189381,Apple Watch Ultra 2 Launch
A89,LinkedIn,2025-09-23,Image,#Sustainability #AppleEarth,10017,1357,966,2871,14800,171691,Apple Event September 2025
A90,Twitter,2024-06-03,Image,#AppleEvent #iPhone16,8941,911,166,1217,68817,221180,MacBook Air M3 Campaign
A91,LinkedIn,2025-09-24,Tweet,#AppleMusic #AppleLifestyle,12209,222,479,2748,24615,74707,Apple Event September 2025
A92,LinkedIn,2024-10-21,Tweet,#MacBookAirM3 #AppleInnovation,19715,1014,718,1185,37625,191409,Apple Watch Ultra 2 Launch
A93,Twitter,2024-12-11,Carousel,#iPhone16Launch #AppleEvent,22645,545,972,321,8396,121537,MacBook Air M3 Campaign
A94,Twitter,2024-11-07,Carousel,#iPhone16Launch #AppleEvent,11550,501,646,773,17841,237576,iPhone 16 Launch
A95,Twitter,2024-11-08,Tweet,#AppleEvent #iPadPro,23499,562,964,2557,56890,218686,iPhone 16 Launch
A96,Twitter,2024-09-10,Carousel,#AppleWatch #Health,6637,595,161,2653,19334,131155,Sustainability Awareness Drive
A97,Twitter,2024-08-13,Carousel,#Sustainability #AppleEarth,6854,417,467,1003,61333,40281,Apple Watch Ultra 2 Launch
A98,LinkedIn,2024-06-10,Video,#AppleMusic #AppleLifestyle,21561,340,741,986,24826,198492,Apple Watch Ultra 2 Launch
A99,Twitter,2024-07-02,Carousel,#AppleMusic #AppleLifestyle,12320,1157,365,584,66634,210102,iPhone 16 Launch
A100,Instagram,2025-09-25,Image,#ShotOniPhone,20564,1433,488,1015,24333,172130,Apple Event September 2025
A101,YouTube,2024-10-18,Carousel,#MacBookAirM3 #AppleInnovation,6892,1184,925,1062,75008,116260,MacBook Air M3 Campaign
A102,Twitter,2025-09-26,Carousel,#ShotOniPhone,9043,1192,810,1550,5221,199476,Apple Event September 2025
A103,Twitter,2025-09-27,Tweet,#MacBookAirM3 #AppleInnovation,18521,1027,230,1247,39588,200928,Apple Event September 2025
A104,LinkedIn,2025-03-23,Image,#AppleDesign #Innovation,24711,882,876,2728,32015,180272,iPhone 16 Launch
A105,Twitter,2024-06-14,Carousel,#iPhone16Launch #AppleEvent,21856,1203,634,2807,3647,104178,iPhone 16 Launch
A106,Twitter,2025-02-04,Carousel,#AppleWatch #Health,23833,555,523,1330,69141,73997,iPhone 16 Launch
A107,Twitter,2024-06-21,Video,#AppleEvent #iPadPro,21216,1207,859,328,91296,196683,Sustainability Awareness Drive
A108,LinkedIn,2025-09-28,Carousel,#AppleWatch #Health,21963,1356,349,1206,51755,159273,Apple Event September 2025
A109,Twitter,2024-08-08,Carousel,#AppleWatch #Health,24355,1087,686,2426,24963,212307,Apple Watch Ultra 2 Launch
A110,YouTube,2024-07-29,Video,#AppleWatch #Health,6164,326,615,2806,38579,206129,MacBook Air M3 Campaign
A111,LinkedIn,2024-11-23,Tweet,#ShotOniPhone,9941,1329,238,869,40281,172311,Sustainability Awareness Drive
A112,YouTube,2024-10-05,Carousel,#MacBookAirM3 #AppleInnovation,16388,1208,417,2306,16865,236733,Apple Watch Ultra 2 Launch
A113,LinkedIn,2025-09-29,Video,#iPhonePhotography #ShotOniPhone,7569,803,804,1753,43582,166945,Apple Event September 2025
A114,Twitter,2024-11-14,Image,#AppleDesign #Innovation,6300,1213,720,1037,39569,85272,iPhone 16 Launch
A115,YouTube,2025-09-30,Tweet,#AppleWatchUltra2 #HealthTech,8269,250,638,815,41991,129393,Apple Event September 2025
A116,LinkedIn,2025-03-18,Image,#AppleWatch #Health,5818,1252,687,2300,25081,101212,MacBook Air M3 Campaign
A117,Instagram,2024-11-04,Image,#AppleEvent #iPhone16,14015,978,196,2744,20190,186470,Sustainability Awareness Drive
A118,Twitter,2024-11-04,Video,#ShotOniPhone,14234,1013,437,338,67754,160030,Sustainability Awareness Drive
A119,LinkedIn,2025-02-07,Carousel,#Sustainability #AppleEarth,20290,619,927,1186,8924,96503,MacBook Air M3 Campaign
A120,Instagram,2024-10-21,Video,#AppleEvent #iPadPro,8254,1405,165,2504,8081,177710,Apple Watch Ultra 2 Launch
A121,LinkedIn,2024-07-29,Video,#AppleWatchUltra2 #HealthTech,19144,1182,860,1398,4185,46570,Apple Watch Ultra 2 Launch
A122,Instagram,2024-10-02,Video,#iPhonePhotography #ShotOniPhone,9350,1024,550,2123,53916,108785,Sustainability Awareness Drive
A123,Twitter,2024-06-14,Video,#AppleEvent #iPhone16,17183,1224,943,2010,21481,49110,Sustainability Awareness Drive
A124,YouTube,2025-04-06,Tweet,#iPhonePhotography #ShotOniPhone,8238,766,235,1273,4706,119141,iPhone 16 Launch
A125,Instagram,2024-09-08,Carousel,#AppleWatchUltra2 #HealthTech,8090,570,399,1862,34088,52115,Apple Watch Ultra 2 Launch
A126,LinkedIn,2025-03-28,Image,#AppleWatch #Health,13637,1135,540,1288,45183,79062,MacBook Air M3 Campaign
A127,Twitter,2025-01-27,Image,#AppleEvent #iPhone16,24415,860,931,320,65049,62911,Apple Watch Ultra 2 Launch
A128,Instagram,2025-01-10,Carousel,#iPhonePhotography #ShotOniPhone,14647,1168,484,2650,27217,144061,iPhone 16 Launch
A129,LinkedIn,2024-07-21,Image,#AppleEvent #iPadPro,11911,1360,778,1168,16483,72556,Sustainability Awareness Drive
A130,LinkedIn,2024-09-29,Carousel,#MacBookAirM3 #AppleInnovation,10472,401,668,383,37571,249203,Sustainability Awareness Drive
A131,LinkedIn,2024-10-21,Image,#iPhone16Launch #AppleEvent,20271,512,286,1982,43225,168335,iPhone 16 Launch
A132,Instagram,2025-03-04,Video,#MacBookAirM3 #AppleInnovation,5266,316,837,2276,20967,41969,MacBook Air M3 Campaign
A133,Instagram,2025-02-06,Image,#AppleWatchUltra2 #HealthTech,2666,1136,989,1710,36467,83753,Sustainability Awareness Drive
A134,Instagram,2025-10-01,Carousel,#ShotOniPhone,6188,774,647,1830,55436,175542,Apple Event September 2025
A135,YouTube,2024-11-28,Carousel,#iPhone16Launch #AppleEvent,19055,443,976,869,75437,161863,Sustainability Awareness Drive
A136,Instagram,2025-10-02,Carousel,#AppleDesign #Innovation,12161,736,876,1233,21337,50225,Apple Event September 2025
A137,Instagram,2024-07-31,Carousel,#AppleEvent #iPadPro,13314,274,626,2280,14639,163008,iPhone 16 Launch
A138,Instagram,2025-03-29,Carousel,#AppleDesign #Innovation,23508,585,743,2155,3704,194268,iPhone 16 Launch
A139,YouTube,2024-10-29,Tweet,#AppleEvent #iPhone16,23969,1433,372,1092,32147,145823,Sustainability Awareness Drive
A140,Instagram,2024-07-15,Tweet,#AppleMusic #AppleLifestyle,14891,674,521,1091,18101,53669,Apple Watch Ultra 2 Launch
A141,LinkedIn,2025-10-03,Image,#iPhone16Launch #AppleEvent,6777,617,551,2109,18559,208452,Apple Event September 2025
A142,Instagram,2025-03-25,Carousel,#AppleDesign #Innovation,5900,546,592,1594,38627,164398,MacBook Air M3 Campaign
A143,LinkedIn,2024-10-02,Image,#AppleDesign #Innovation,15716,839,639,2839,349,150677,Sustainability Awareness Drive
A144,LinkedIn,2024-10-28,Carousel,#iPhonePhotography #ShotOniPhone,8981,1138,764,2555,92810,88320,MacBook Air M3 Campaign
A145,LinkedIn,2024-08-12,Carousel,#MacBookAirM3 #AppleInnovation,8376,1154,422,1907,36874,218486,Sustainability Awareness Drive
A146,YouTube,2024-06-05,Tweet,#iPhonePhotography #ShotOniPhone,18907,1075,675,1383,17875,186649,Apple Watch Ultra 2 Launch
A147,YouTube,2024-10-21,Tweet,#iPhone16Launch #AppleEvent,20777,962,308,2777,25529,165354,Apple Watch Ultra 2 Launch
A148,YouTube,2025-04-15,Video,#iPhone16Launch #AppleEvent,20977,1402,301,1284,24620,128009,Apple Watch Ultra 2 Launch
A149,Instagram,2024-06-16,Tweet,#AppleWatchUltra2 #HealthTech,12160,1405,769,1980,33174,226481,Apple Watch Ultra 2 Launch
A150,LinkedIn,2024-08-22,Video,#iPhonePhotography #ShotOniPhone,16124,863,337,819,85788,68625,iPhone 16 Launch
A151,YouTube,2024-07-26,Video,#MacBookProM3,18282,224,962,890,35105,64089,iPhone 16 Launch
A152,YouTube,2025-10-04,Video,#Sustainability #AppleEarth,12488,1403,247,1350,28370,76487,Apple Event September 2025
A153,Instagram,2025-01-01,Video,#MacBookAirM3 #AppleInnovation,24574,909,280,2009,6221,236910,MacBook Air M3 Campaign
A154,YouTube,2024-10-09,Video,#iPhone16Launch #AppleEvent,7240,1384,954,2335,6757,150448,Sustainability Awareness Drive
A155,Instagram,2024-12-21,Image,#AppleWatchUltra2 #HealthTech,12453,376,320,2546,22617,90138,Sustainability Awareness Drive
A156,Twitter,2024-10-22,Tweet,#AppleMusic #AppleLifestyle,12478,484,332,2734,43338,213895,iPhone 16 Launch
A157,YouTube,2024-07-23,Video,#iPhonePhotography #ShotOniPhone,24877,262,513,648,47544,208280,Sustainability Awareness Drive
A158,Twitter,2024-08-11,Carousel,#MacBookAirM3 #AppleInnovation,14394,1202,188,1259,21925,94061,iPhone 16 Launch
A159,Instagram,2025-10-05,Tweet,#AppleMusic #AppleLifestyle,21262,861,676,2263,12085,201731,Apple Event September 2025
A160,LinkedIn,2024-08-24,Tweet,#iPhonePhotography #ShotOniPhone,22527,865,646,992,18654,141376,MacBook Air M3 Campaign
A161,YouTube,2025-10-06,Video,#AppleDesign #Innovation,22028,355,665,1859,50565,202962,Apple Event September 2025
A162,Instagram,2025-04-01,Image,#AppleMusic #AppleLifestyle,6432,1272,498,677,47305,119134,Apple Watch Ultra 2 Launch
A163,LinkedIn,2025-04-08,Video,#AppleWatchUltra2 #HealthTech,15568,1166,546,826,21836,87055,Apple Watch Ultra 2 Launch
A164,LinkedIn,2025-02-27,Image,#MacBookAirM3 #AppleInnovation,16178,1048,871,2553,39025,59508,Apple Watch Ultra 2 Launch
A165,Twitter,2025-10-07,Carousel,#AppleWatch #Health,19660,1307,310,2802,22171,213359,Apple Event September 2025
A166,Instagram,2025-02-16,Tweet,#AppleEvent #iPhone16,24195,888,165,1559,11596,249988,Sustainability Awareness Drive
A167,LinkedIn,2024-11-28,Carousel,#AppleEvent #iPhone16,2302,347,642,2175,56378,198056,MacBook Air M3 Campaign
A168,YouTube,2024-11-12,Image,#MacBookAirM3 #AppleInnovation,19022,541,575,2063,42743,150169,Apple Watch Ultra 2 Launch
A169,YouTube,2024-12-03,Image,#AppleMusic #AppleLifestyle,2055,675,257,820,33534,48125,Apple Watch Ultra 2 Launch
A170,Twitter,2025-04-28,Carousel,#iPhonePhotography #ShotOniPhone,15013,1286,599,2001,67839,76059,Apple Watch Ultra 2 Launch
A171,LinkedIn,2024-12-31,Image,#AppleWatchUltra2 #HealthTech,10717,760,460,1316,18164,240641,MacBook Air M3 Campaign
A172,Instagram,2024-08-14,Carousel,#Sustainability #AppleEarth,10150,526,888,1313,51605,143409,Apple Watch Ultra 2 Launch
A173,YouTube,2024-12-05,Tweet,#AppleEvent #iPhone16,4125,1364,319,2848,15379,188159,MacBook Air M3 Campaign
A174,LinkedIn,2024-06-22,Carousel,#AppleWatchUltra2 #HealthTech,13479,1189,695,416,30229,45704,Apple Watch Ultra 2 Launch
A175,LinkedIn,2025-10-08,Tweet,#AppleEvent #iPhone16,17745,414,563,2733,995,231648,Apple Event September 2025
A176,Twitter,2025-10-09,Carousel,#AppleDesign #Innovation,18748,634,400,1667,75813,244456,Apple Event September 2025
A177,YouTube,2024-07-10,Image,#iPhonePhotography #ShotOniPhone,8809,1151,908,883,42921,151279,MacBook Air M3 Campaign
A178,YouTube,2025-10-10,Carousel,#AppleDesign #Innovation,6621,922,930,694,839,243532,Apple Event September 2025
A179,Instagram,2024-07-15,Image,#AppleEvent #iPhone16,17034,231,290,1387,63550,198280,MacBook Air M3 Campaign
A180,YouTube,2025-10-11,Carousel,#AppleWatch #Health,15623,869,423,371,47579,158516,Apple Event September 2025
A181,Instagram,2025-10-12,Carousel,#AppleWatch #Health,7126,484,565,573,7389,237096,Apple Event September 2025
A182,YouTube,2024-07-31,Video,#AppleDesign #Innovation,7122,628,757,2313,50924,210954,MacBook Air M3 Campaign
A183,Twitter,2024-12-17,Image,#AppleWatch #Health,20030,485,888,1643,4322,196995,Sustainability Awareness Drive
A184,YouTube,2025-10-13,Video,#AppleEvent #iPhone16,19302,1367,188,637,31404,154044,Apple Event September 2025
A185,Instagram,2025-01-11,Image,#MacBookAirM3 #AppleInnovation,21181,1242,963,1689,49329,69165,Apple Watch Ultra 2 Launch
A186,Instagram,2024-08-24,Video,#AppleDesign #Innovation,24890,217,178,906,54826,107203,Sustainability Awareness Drive
A187,Twitter,2024-12-22,Tweet,#Sustainability #AppleEarth,7870,968,626,465,27184,44114,MacBook Air M3 Campaign
A188,YouTube,2024-06-06,Carousel,#Sustainability #AppleEarth,3531,789,467,1867,40816,236037,Sustainability Awareness Drive
A189,YouTube,2025-03-24,Image,#ShotOniPhone,10172,1398,394,2358,59610,76321,iPhone 16 Launch
A190,Twitter,2024-10-04,Image,#AppleMusic #AppleLifestyle,21729,1209,897,1624,38771,113297,iPhone 16 Launch
A191,YouTube,2025-10-14,Carousel,#iPhonePhotography #ShotOniPhone,9673,393,846,1028,55556,136652,Apple Event September 2025
A192,YouTube,2025-10-15,Image,#AppleWatch #Health,8882,701,421,2343,13588,139304,Apple Event September 2025
A193,Instagram,2024-09-11,Image,#AppleWatch #Health,3906,1187,589,401,52687,196498,Apple Watch Ultra 2 Launch
A194,YouTube,2024-10-02,Video,#AppleMusic #AppleLifestyle,5086,1336,897,1715,60592,57772,Sustainability Awareness Drive
A195,YouTube,2024-08-15,Image,#iPhone16Launch #AppleEvent,15503,313,388,1078,11500,143754,iPhone 16 Launch
A196,Twitter,2025-09-18,Tweet,#MacBookProM3,10152,1445,526,513,18959,43712,Apple Event September 2025
A197,Twitter,2024-10-22,Tweet,#AppleDesign #Innovation,7750,1146,415,1411,85339,172439,Sustainability Awareness Drive
A198,LinkedIn,2025-09-19,Carousel,#AppleEvent #iPadPro,14772,1030,508,1876,8882,155142,Apple Event September 2025
A199,Instagram,2025-09-20,Image,#AppleWatch #Health,12267,1487,489,2748,34685,131736,Apple Event September 2025
A200,YouTube,2025-04-07,Carousel,#iPhonePhotography #ShotOniPhone,3062,1124,538,2935,69749,91924,iPhone 16 Launch
A201,YouTube,2025-01-15,Tweet,#ShotOniPhone,20360,254,726,1995,14280,43726,iPhone 16 Launch
A202,LinkedIn,2025-09-21,Image,#Sustainability #AppleEarth,19680,999,838,891,29576,129152,Apple Event September 2025
A203,YouTube,2024-11-21,Image,#AppleWatch #Health,8229,977,152,1633,71447,67723,MacBook Air M3 Campaign
A204,Instagram,2025-09-22,Carousel,#ShotOniPhone,18509,361,578,1409,10569,166969,Apple Event September 2025
A205,LinkedIn,2025-09-23,Tweet,#AppleEvent #iPhone16,17147,286,291,2439,45631,140494,Apple Event September 2025
A206,Instagram,2024-06-24,Image,#AppleEvent #iPhone16,6632,254,525,1013,13838,180180,Apple Watch Ultra 2 Launch
A207,LinkedIn,2024-12-29,Carousel,#MacBookProM3,8288,1401,819,1235,33446,248786,Apple Watch Ultra 2 Launch
A208,LinkedIn,2024-06-24,Tweet,#MacBookAirM3 #AppleInnovation,5596,1231,473,2251,43705,75643,Apple Watch Ultra 2 Launch
A209,Twitter,2025-03-19,Carousel,#AppleEvent #iPadPro,13475,1032,295,541,43666,202396,MacBook Air M3 Campaign
A210,Instagram,2025-02-19,Video,#iPhone16Launch #AppleEvent,8168,512,442,2343,2753,143896,MacBook Air M3 Campaign
A211,YouTube,2025-09-24,Image,#MacBookProM3,11795,958,814,301,12564,179999,Apple Event September 2025
A212,YouTube,2025-03-03,Video,#AppleWatchUltra2 #HealthTech,9561,642,581,2572,38552,133680,Apple Watch Ultra 2 Launch
A213,Instagram,2025-05-01,Tweet,#iPhone16Launch #AppleEvent,10258,527,854,2068,45632,136546,MacBook Air M3 Campaign
A214,YouTube,2024-12-23,Video,#AppleDesign #Innovation,18616,1277,734,2249,3399,193515,iPhone 16 Launch
A215,YouTube,2025-09-25,Video,#iPhonePhotography #ShotOniPhone,8371,960,548,2936,82543,119973,Apple Event September 2025
A216,Instagram,2024-07-29,Tweet,#AppleWatchUltra2 #HealthTech,22590,1462,966,2463,29689,103449,Sustainability Awareness Drive
A217,LinkedIn,2025-09-26,Carousel,#AppleWatchUltra2 #HealthTech,16369,1452,493,1217,91440,149834,Apple Event September 2025
A218,Instagram,2024-06-11,Video,#MacBookProM3,14910,778,289,2541,14309,247815,Sustainability Awareness Drive
A219,LinkedIn,2025-01-28,Carousel,#AppleMusic #AppleLifestyle,9943,1274,336,389,6145,231305,Apple Watch Ultra 2 Launch
A220,YouTube,2024-06-02,Video,#MacBookAirM3 #AppleInnovation,14199,1206,954,2009,8,65537,Sustainability Awareness Drive
A221,YouTube,2025-03-23,Carousel,#AppleMusic #AppleLifestyle,17728,1487,210,2469,30565,117576,Apple Watch Ultra 2 Launch
A222,YouTube,2024-10-08,Tweet,#MacBookProM3,8738,295,529,442,25286,147522,iPhone 16 Launch
A223,Twitter,2024-11-12,Video,#AppleDesign #Innovation,17913,1311,859,405,59842,62612,Sustainability Awareness Drive
A224,LinkedIn,2025-09-07,Tweet,#Sustainability #AppleEarth,4472,1301,956,1186,3363,46471,Apple Event September 2025
A225,Twitter,2024-06-20,Video,#AppleWatch #Health,21123,1343,589,727,87833,206703,Apple Watch Ultra 2 Launch
A226,Twitter,2025-09-08,Tweet,#AppleWatch #Health,23785,1013,468,1628,8272,71348,Apple Event September 2025
A227,Instagram,2024-06-12,Tweet,#MacBookAirM3 #AppleInnovation,17679,690,451,2195,4390,235804,MacBook Air M3 Campaign
A228,Twitter,2024-07-01,Video,#AppleDesign #Innovation,3761,651,493,2294,71696,41177,Apple Watch Ultra 2 Launch
A229,Instagram,2024-07-03,Video,#MacBookAirM3 #AppleInnovation,12167,364,160,616,42228,175832,Sustainability Awareness Drive
A230,Instagram,2024-07-15,Video,#ShotOniPhone,12554,381,211,2286,50567,72779,Apple Watch Ultra 2 Launch
A231,Twitter,2025-09-09,Image,#AppleMusic #AppleLifestyle,19260,668,994,934,20509,61636,Apple Event September 2025
A232,LinkedIn,2025-04-29,Carousel,#AppleWatch #Health,16277,1109,375,2225,1044,121889,iPhone 16 Launch
A233,LinkedIn,2025-03-08,Image,#AppleWatchUltra2 #HealthTech,5812,934,302,2356,37437,93551,Apple Watch Ultra 2 Launch
A234,LinkedIn,2024-06-01,Image,#AppleMusic #AppleLifestyle,19844,1022,860,2570,23719,182628,Sustainability Awareness Drive
A235,LinkedIn,2024-12-22,Tweet,#AppleEvent #iPadPro,20117,1143,713,1739,34444,198670,MacBook Air M3 Campaign
A236,LinkedIn,2024-08-19,Video,#iPhonePhotography #ShotOniPhone,3605,206,921,852,11660,182635,iPhone 16 Launch
A237,Twitter,2024-10-22,Carousel,#AppleDesign #Innovation,7622,529,720,1015,71322,86819,MacBook Air M3 Campaign
A238,Twitter,2024-07-16,Tweet,#iPhone16Launch #AppleEvent,8767,974,733,1587,74927,113770,Apple Watch Ultra 2 Launch
A239,YouTube,2025-09-10,Image,#MacBookAirM3 #AppleInnovation,13613,350,809,2013,20471,198038,Apple Event September 2025
A240,LinkedIn,2025-09-11,Video,#AppleMusic #AppleLifestyle,21901,1308,724,2183,15996,230961,Apple Event September 2025
A241,Twitter,2025-01-18,Tweet,#iPhonePhotography #ShotOniPhone,12589,346,459,1407,29254,198059,Sustainability Awareness Drive
A242,YouTube,2025-09-12,Video,#AppleMusic #AppleLifestyle,15918,1114,392,1641,28044,118714,Apple Event September 2025
A243,LinkedIn,2025-03-06,Tweet,#iPhone16Launch #AppleEvent,22119,899,642,410,49490,229420,iPhone 16 Launch
A244,Instagram,2025-09-13,Video,#iPhonePhotography #ShotOniPhone,15046,281,515,550,22583,64596,Apple Event September 2025
A245,YouTube,2025-01-12,Image,#AppleEvent #iPadPro,4590,713,479,2730,41050,204246,Sustainability Awareness Drive
A246,Twitter,2024-10-11,Carousel,#iPhone16Launch #AppleEvent,19447,1014,256,2354,5472,104106,Apple Watch Ultra 2 Launch
A247,Instagram,2024-08-27,Image,#MacBookProM3,6324,908,375,758,34850,241039,Apple Watch Ultra 2 Launch
A248,Instagram,2025-09-14,Carousel,#AppleEvent #iPhone16,12787,945,974,1407,4037,99182,Apple Event September 2025
A249,Instagram,2024-07-18,Video,#MacBookProM3,11111,1222,367,507,14129,127163,MacBook Air M3 Campaign
A250,YouTube,2024-06-22,Tweet,#AppleWatch #Health,7342,906,902,1199,68488,79310,Apple Watch Ultra 2 Launch
A251,Twitter,2025-09-15,Image,#AppleMusic #AppleLifestyle,18389,670,655,321,21869,96088,Apple Event September 2025
A252,Instagram,2025-04-28,Carousel,#AppleEvent #iPhone16,10659,1342,408,709,16309,168803,Sustainability Awareness Drive
A253,LinkedIn,2025-09-16,Image,#MacBookProM3,16043,595,923,1194,52613,179978,Apple Event September 2025
A254,Instagram,2025-01-14,Carousel,#AppleEvent #iPhone16,24350,460,666,814,21120,76914,Apple Watch Ultra 2 Launch
A255,Instagram,2025-04-03,Image,#Sustainability #AppleEarth,10837,1004,922,1108,36807,150350,Sustainability Awareness Drive
A256,YouTube,2025-09-17,Carousel,#AppleMusic #AppleLifestyle,2117,1133,203,1173,40125,85379,Apple Event September 2025
A257,YouTube,2025-04-06,Carousel,#AppleEvent #iPhone16,15917,1479,196,313,48524,249684,iPhone 16 Launch
A258,Twitter,2024-08-05,Video,#AppleWatchUltra2 #HealthTech,20935,1104,876,1270,21454,208722,Sustainability Awareness Drive
A259,LinkedIn,2025-02-10,Carousel,#MacBookAirM3 #AppleInnovation,16309,1449,838,2434,2940,217953,iPhone 16 Launch
A260,YouTube,2025-02-12,Video,#MacBookAirM3 #AppleInnovation,15234,1276,670,1860,60397,86413,MacBook Air M3 Campaign
A261,Instagram,2024-10-27,Carousel,#AppleWatchUltra2 #HealthTech,7560,1139,248,1624,72237,177084,Sustainability Awareness Drive
A262,Twitter,2025-01-18,Tweet,#iPhonePhotography #ShotOniPhone,22673,1053,169,1566,9417,221187,iPhone 16 Launch
A263,Instagram,2024-08-20,Tweet,#ShotOniPhone,2846,792,902,2469,12130,47151,Apple Watch Ultra 2 Launch
A264,Instagram,2025-01-30,Tweet,#iPhonePhotography #ShotOniPhone,12954,913,722,1049,475,97716,Apple Watch Ultra 2 Launch
A265,YouTube,2025-02-20,Carousel,#iPhone16Launch #AppleEvent,15703,1381,639,984,10967,133747,MacBook Air M3 Campaign
A266,Twitter,2024-11-25,Video,#iPhone16Launch #AppleEvent,17385,831,568,2227,49351,207450,Sustainability Awareness Drive
A267,LinkedIn,2024-10-04,Video,#AppleEvent #iPhone16,15746,258,839,2656,66614,213724,Sustainability Awareness Drive
A268,LinkedIn,2025-04-13,Carousel,#MacBookProM3,24700,327,999,994,59400,243502,Sustainability Awareness Drive
A269,YouTube,2024-11-05,Tweet,#MacBookProM3,8469,935,211,2635,21890,184539,MacBook Air M3 Campaign
A270,YouTube,2025-01-15,Tweet,#MacBookAirM3 #AppleInnovation,11333,920,294,606,59490,202082,Sustainability Awareness Drive
A271,Twitter,2024-10-17,Video,#AppleDesign #Innovation,18608,1338,365,2289,20785,161999,Apple Watch Ultra 2 Launch
A272,LinkedIn,2025-03-27,Tweet,#iPhonePhotography #ShotOniPhone,14819,1432,152,961,39154,154793,iPhone 16 Launch
A273,LinkedIn,2024-10-12,Image,#Sustainability #AppleEarth,6208,725,309,848,39319,225763,Apple Watch Ultra 2 Launch
A274,LinkedIn,2025-01-01,Video,#AppleMusic #AppleLifestyle,8283,720,888,611,52791,235229,Apple Watch Ultra 2 Launch
A275,Instagram,2024-08-05,Tweet,#AppleWatch #Health,4048,751,930,1382,16844,148177,iPhone 16 Launch
A276,LinkedIn,2024-06-07,Video,#AppleEvent #iPadPro,8233,436,269,2037,8875,52289,Apple Watch Ultra 2 Launch
A277,Instagram,2025-04-06,Image,#MacBookProM3,14941,1424,238,1054,20516,216048,MacBook Air M3 Campaign
A278,Twitter,2024-11-26,Video,#AppleMusic #AppleLifestyle,14607,1458,478,334,49257,214668,iPhone 16 Launch
A279,Instagram,2024-09-02,Video,#AppleEvent #iPadPro,11765,693,729,744,97772,194243,Apple Watch Ultra 2 Launch
A280,Twitter,2025-09-18,Video,#AppleMusic #AppleLifestyle,3828,203,506,2440,63650,126365,Apple Event September 2025
A281,LinkedIn,2025-03-22,Video,#AppleEvent #iPhone16,3917,865,759,2282,56125,154014,Apple Watch Ultra 2 Launch
A282,LinkedIn,2024-10-03,Image,#AppleEvent #iPadPro,22618,641,416,1530,18395,215211,MacBook Air M3 Campaign
A283,Twitter,2025-05-09,Carousel,#AppleWatch #Health,8988,228,766,652,63789,219785,Sustainability Awareness Drive
A284,YouTube,2024-09-17,Video,#AppleMusic #AppleLifestyle,20410,1332,472,1202,9418,200806,Apple Watch Ultra 2 Launch
A285,Twitter,2024-07-18,Video,#AppleWatchUltra2 #HealthTech,16594,809,784,1655,35505,112588,Sustainability Awareness Drive
A286,YouTube,2025-09-19,Tweet,#AppleWatch #Health,22128,1004,690,2048,19443,103646,Apple Event September 2025
A287,Instagram,2024-08-15,Video,#AppleEvent #iPadPro,14977,274,798,458,6636,43654,Apple Watch Ultra 2 Launch
A288,Instagram,2025-04-17,Tweet,#AppleWatch #Health,2009,1037,344,2277,85743,58743,iPhone 16 Launch
A289,Instagram,2024-11-28,Carousel,#AppleMusic #AppleLifestyle,18644,1369,887,1256,43415,88368,Sustainability Awareness Drive
A290,LinkedIn,2025-09-20,Image,#ShotOniPhone,24422,327,481,2371,35340,245244,Apple Event September 2025
A291,Instagram,2024-11-06,Image,#AppleMusic #AppleLifestyle,11865,241,319,703,69596,177513,iPhone 16 Launch
A292,YouTube,2024-11-17,Carousel,#AppleMusic #AppleLifestyle,4219,240,670,815,11978,159735,iPhone 16 Launch
A293,Instagram,2025-05-14,Image,#AppleEvent #iPhone16,9041,1133,612,1687,28102,195683,iPhone 16 Launch
A294,Twitter,2024-06-19,Carousel,#iPhonePhotography #ShotOniPhone,20444,233,189,2879,28185,159891,iPhone 16 Launch
A295,Twitter,2025-05-06,Carousel,#AppleWatchUltra2 #HealthTech,7287,1240,686,1255,15403,147971,Apple Watch Ultra 2 Launch
A296,LinkedIn,2025-02-11,Carousel,#Sustainability #AppleEarth,3619,1376,410,2499,58146,52149,Apple Watch Ultra 2 Launch
A297,Twitter,2024-12-24,Image,#MacBookProM3,10512,1197,544,2012,10245,140102,Apple Watch Ultra 2 Launch
A298,YouTube,2025-9-24,Tweet,#iPhone16Launch #AppleEvent,3342,787,375,907,85823,99189,Apple Event September 2025
A299,Instagram,2025-9-25,Carousel,#iPhonePhotography #ShotOniPhone,12568,541,273,2767,22331,192747,Apple Event September 2025
A300,LinkedIn,2025-9-26,Video,#iPhone16Launch #AppleEvent,21216,226,187,1573,62688,111031,Apple Event September 2025